{
  "diperbarui": "2026-07-23",
  "emiten_diuji": 953,
  "strategi": {
    "s1": {
      "nama": "RSI Pullback + Akumulasi (tanpa foreign flow)",
      "total_sinyal": 13373,
      "win_rate": 0.49936439093696255,
      "peluang_3persen": 0.012338293576609587,
      "rata_overnight": 0.0018381970295703867,
      "emiten_sinyal_terakhir": 2
    },
    "s2": {
      "nama": "Momentum Breakout",
      "total_sinyal": 3161,
      "win_rate": 0.6390382790256248,
      "peluang_3persen": 0.15691236950332174,
      "rata_overnight": 0.015872964160750073,
      "emiten_sinyal_terakhir": 4
    },
    "s3": {
      "nama": "Optimized Screener (ledakan volume + close-near-high)",
      "total_sinyal": 8327,
      "win_rate": 0.664104719586886,
      "peluang_3persen": 0.12093190825027021,
      "rata_overnight": 0.011752822458413694,
      "emiten_sinyal_terakhir": 8
    },
    "s_and": {
      "nama": "Gabungan S1 DAN S2 (harus dua-duanya)",
      "total_sinyal": 0,
      "win_rate": null,
      "peluang_3persen": null,
      "rata_overnight": null,
      "emiten_sinyal_terakhir": 0
    },
    "s_or": {
      "nama": "Gabungan S1 ATAU S2 (salah satu)",
      "total_sinyal": 16534,
      "win_rate": 0.5260674972783356,
      "peluang_3persen": 0.03997822668440789,
      "rata_overnight": 0.004521389173132678,
      "emiten_sinyal_terakhir": 6
    }
  }
}