{
  "diperbarui": "2026-07-20",
  "emiten_diuji": 953,
  "strategi": {
    "s1": {
      "nama": "RSI Pullback + Akumulasi (tanpa foreign flow)",
      "total_sinyal": 13379,
      "win_rate": 0.5009343000224232,
      "peluang_3persen": 0.012332760295986248,
      "rata_overnight": 0.0018439209712313412,
      "emiten_sinyal_terakhir": 3
    },
    "s2": {
      "nama": "Momentum Breakout",
      "total_sinyal": 4776,
      "win_rate": 0.6319095477386935,
      "peluang_3persen": 0.14133165829145727,
      "rata_overnight": 0.013944525480884849,
      "emiten_sinyal_terakhir": 3
    },
    "s_and": {
      "nama": "Gabungan S1 DAN S2 (harus dua-duanya)",
      "total_sinyal": 0,
      "win_rate": null,
      "peluang_3persen": null,
      "rata_overnight": null,
      "emiten_sinyal_terakhir": 0
    },
    "s_or": {
      "nama": "Gabungan S1 ATAU S2 (salah satu)",
      "total_sinyal": 18155,
      "win_rate": 0.5353896998072156,
      "peluang_3persen": 0.04626824566235197,
      "rata_overnight": 0.005027203104974393,
      "emiten_sinyal_terakhir": 6
    }
  }
}