{
  "diperbarui": "2026-07-21",
  "emiten_diuji": 953,
  "strategi": {
    "s1": {
      "nama": "RSI Pullback + Akumulasi (tanpa foreign flow)",
      "total_sinyal": 13384,
      "win_rate": 0.5008965929468021,
      "peluang_3persen": 0.012328153018529587,
      "rata_overnight": 0.001834219056156899,
      "emiten_sinyal_terakhir": 4
    },
    "s2": {
      "nama": "Momentum Breakout",
      "total_sinyal": 3156,
      "win_rate": 0.644169835234474,
      "peluang_3persen": 0.15716096324461343,
      "rata_overnight": 0.01589804720105704,
      "emiten_sinyal_terakhir": 4
    },
    "s3": {
      "nama": "Optimized Screener (ledakan volume + close-near-high)",
      "total_sinyal": 8300,
      "win_rate": 0.6649397590361446,
      "peluang_3persen": 0.12144578313253013,
      "rata_overnight": 0.011756906690120443,
      "emiten_sinyal_terakhir": 29
    },
    "s_and": {
      "nama": "Gabungan S1 DAN S2 (harus dua-duanya)",
      "total_sinyal": 0,
      "win_rate": null,
      "peluang_3persen": null,
      "rata_overnight": null,
      "emiten_sinyal_terakhir": 0
    },
    "s_or": {
      "nama": "Gabungan S1 ATAU S2 (salah satu)",
      "total_sinyal": 16540,
      "win_rate": 0.5282345828295042,
      "peluang_3persen": 0.03996372430471584,
      "rata_overnight": 0.004517740315244249,
      "emiten_sinyal_terakhir": 8
    }
  }
}