{
  "diperbarui": "2026-07-20",
  "emiten_diuji": 953,
  "strategi": {
    "s1": {
      "nama": "RSI Pullback + Akumulasi (tanpa foreign flow)",
      "total_sinyal": 13380,
      "win_rate": 0.5006726457399103,
      "peluang_3persen": 0.01233183856502242,
      "rata_overnight": 0.0018406191429388653,
      "emiten_sinyal_terakhir": 8
    },
    "s2": {
      "nama": "Momentum Breakout",
      "total_sinyal": 4775,
      "win_rate": 0.6364397905759163,
      "peluang_3persen": 0.14136125654450263,
      "rata_overnight": 0.013944865150040422,
      "emiten_sinyal_terakhir": 2
    },
    "s_and": {
      "nama": "Gabungan S1 DAN S2 (harus dua-duanya)",
      "total_sinyal": 0,
      "win_rate": null,
      "peluang_3persen": null,
      "rata_overnight": null,
      "emiten_sinyal_terakhir": 0
    },
    "s_or": {
      "nama": "Gabungan S1 ATAU S2 (salah satu)",
      "total_sinyal": 18155,
      "win_rate": 0.536381162214266,
      "peluang_3persen": 0.04626824566235197,
      "rata_overnight": 0.0050241925212869765,
      "emiten_sinyal_terakhir": 10
    }
  }
}