{
  "diperbarui": "2026-07-21",
  "emiten_diuji": 953,
  "strategi": {
    "s1": {
      "nama": "RSI Pullback + Akumulasi (tanpa foreign flow)",
      "total_sinyal": 13383,
      "win_rate": 0.5048942688485392,
      "peluang_3persen": 0.012254352536800418,
      "rata_overnight": 0.0018311634984275625,
      "emiten_sinyal_terakhir": 0
    },
    "s2": {
      "nama": "Momentum Breakout",
      "total_sinyal": 2119,
      "win_rate": 0.6252949504483247,
      "peluang_3persen": 0.10759792354884379,
      "rata_overnight": 0.010532185187200591,
      "emiten_sinyal_terakhir": 5
    },
    "s_and": {
      "nama": "Gabungan S1 DAN S2 (harus dua-duanya)",
      "total_sinyal": 0,
      "win_rate": null,
      "peluang_3persen": null,
      "rata_overnight": null,
      "emiten_sinyal_terakhir": 0
    },
    "s_or": {
      "nama": "Gabungan S1 ATAU S2 (salah satu)",
      "total_sinyal": 15502,
      "win_rate": 0.5213520836021158,
      "peluang_3persen": 0.025287059734227842,
      "rata_overnight": 0.0030205239008601523,
      "emiten_sinyal_terakhir": 5
    }
  }
}