{
  "diperbarui": "2026-07-22",
  "emiten_diuji": 953,
  "strategi": {
    "s1": {
      "nama": "RSI Pullback + Akumulasi (tanpa foreign flow)",
      "total_sinyal": 13380,
      "win_rate": 0.5048579970104634,
      "peluang_3persen": 0.012406576980568011,
      "rata_overnight": 0.0018454529221510485,
      "emiten_sinyal_terakhir": 5
    },
    "s2": {
      "nama": "Momentum Breakout",
      "total_sinyal": 3157,
      "win_rate": 0.6430155210643016,
      "peluang_3persen": 0.15711118150142542,
      "rata_overnight": 0.01589971969244862,
      "emiten_sinyal_terakhir": 7
    },
    "s3": {
      "nama": "Optimized Screener (ledakan volume + close-near-high)",
      "total_sinyal": 8326,
      "win_rate": 0.6641844823444631,
      "peluang_3persen": 0.1211866442469373,
      "rata_overnight": 0.011750687124289365,
      "emiten_sinyal_terakhir": 7
    },
    "s_and": {
      "nama": "Gabungan S1 DAN S2 (harus dua-duanya)",
      "total_sinyal": 0,
      "win_rate": null,
      "peluang_3persen": null,
      "rata_overnight": null,
      "emiten_sinyal_terakhir": 0
    },
    "s_or": {
      "nama": "Gabungan S1 ATAU S2 (salah satu)",
      "total_sinyal": 16537,
      "win_rate": 0.5312329926830743,
      "peluang_3persen": 0.04003144463929371,
      "rata_overnight": 0.004528486132154637,
      "emiten_sinyal_terakhir": 12
    }
  }
}