{
  "diperbarui": "2026-07-21",
  "emiten_diuji": 953,
  "strategi": {
    "s1": {
      "nama": "RSI Pullback + Akumulasi (tanpa foreign flow)",
      "total_sinyal": 13381,
      "win_rate": 0.498393244152156,
      "peluang_3persen": 0.012330916971825723,
      "rata_overnight": 0.001835369481020792,
      "emiten_sinyal_terakhir": 4
    },
    "s2": {
      "nama": "Momentum Breakout",
      "total_sinyal": 3154,
      "win_rate": 0.6410906785034877,
      "peluang_3persen": 0.15726062143310082,
      "rata_overnight": 0.015903934474117913,
      "emiten_sinyal_terakhir": 2
    },
    "s3": {
      "nama": "Optimized Screener (ledakan volume + close-near-high)",
      "total_sinyal": 8292,
      "win_rate": 0.664616497829233,
      "peluang_3persen": 0.12156295224312591,
      "rata_overnight": 0.011766351123485024,
      "emiten_sinyal_terakhir": 18
    },
    "s_and": {
      "nama": "Gabungan S1 DAN S2 (harus dua-duanya)",
      "total_sinyal": 0,
      "win_rate": null,
      "peluang_3persen": null,
      "rata_overnight": null,
      "emiten_sinyal_terakhir": 0
    },
    "s_or": {
      "nama": "Gabungan S1 ATAU S2 (salah satu)",
      "total_sinyal": 16535,
      "win_rate": 0.5256123374659812,
      "peluang_3persen": 0.03997580889023284,
      "rata_overnight": 0.00451890464813469,
      "emiten_sinyal_terakhir": 6
    }
  }
}