{
  "diperbarui": "2026-07-24",
  "emiten_diuji": 953,
  "strategi": {
    "s1": {
      "nama": "RSI Pullback + Akumulasi (tanpa foreign flow)",
      "total_sinyal": 13373,
      "win_rate": 0.5025798250205639,
      "peluang_3persen": 0.012263516039781649,
      "rata_overnight": 0.0018411030226585985,
      "emiten_sinyal_terakhir": 2
    },
    "s2": {
      "nama": "Momentum Breakout",
      "total_sinyal": 3165,
      "win_rate": 0.6372827804107425,
      "peluang_3persen": 0.15671406003159558,
      "rata_overnight": 0.015851841437086945,
      "emiten_sinyal_terakhir": 2
    },
    "s3": {
      "nama": "Optimized Screener (ledakan volume + close-near-high)",
      "total_sinyal": 8326,
      "win_rate": 0.6628633197213548,
      "peluang_3persen": 0.12106653855392746,
      "rata_overnight": 0.011739159977206556,
      "emiten_sinyal_terakhir": 3
    },
    "s_and": {
      "nama": "Gabungan S1 DAN S2 (harus dua-duanya)",
      "total_sinyal": 0,
      "win_rate": null,
      "peluang_3persen": null,
      "rata_overnight": null,
      "emiten_sinyal_terakhir": 0
    },
    "s_or": {
      "nama": "Gabungan S1 ATAU S2 (salah satu)",
      "total_sinyal": 16538,
      "win_rate": 0.5283589309469101,
      "peluang_3persen": 0.039908090458338374,
      "rata_overnight": 0.004522442185898748,
      "emiten_sinyal_terakhir": 4
    }
  }
}