{
  "diperbarui": "2026-07-18",
  "emiten_diuji": 953,
  "strategi": {
    "s1": {
      "nama": "RSI Pullback + Akumulasi (tanpa foreign flow)",
      "total_sinyal": 13406,
      "win_rate": 0.5017902431746979,
      "peluang_3persen": 0.012457108757272862,
      "rata_overnight": 0.0018253309504314087,
      "emiten_sinyal_terakhir": 0
    },
    "s2": {
      "nama": "Momentum Breakout",
      "total_sinyal": 4779,
      "win_rate": 0.6361163423310316,
      "peluang_3persen": 0.14207993304038502,
      "rata_overnight": 0.014103403695869746,
      "emiten_sinyal_terakhir": 2
    },
    "s_and": {
      "nama": "Gabungan S1 DAN S2 (harus dua-duanya)",
      "total_sinyal": 0,
      "win_rate": null,
      "peluang_3persen": null,
      "rata_overnight": null,
      "emiten_sinyal_terakhir": 0
    },
    "s_or": {
      "nama": "Gabungan S1 ATAU S2 (salah satu)",
      "total_sinyal": 18185,
      "win_rate": 0.5370910090734121,
      "peluang_3persen": 0.04652185867473192,
      "rata_overnight": 0.005051996314767389,
      "emiten_sinyal_terakhir": 2
    }
  }
}